<?xml version="1.0" encoding="utf-8"?>
<!--/12857816/1207053/2.50/4/4/Connector/-->
<quadcept_library>
  <setting unit="mil" />
  <textstyle name="Default" height="47.244094488189" strokewidth="7.8740157480315" charwidth="47.244094488189" />
  <textstyle name="Dimension" height="19.6850393700787" strokewidth="0" charwidth="19.6850393700787" />
  <textstyle name="H127W0635TH00762" height="50" strokewidth="3" charwidth="25" />
  <textstyle name="H15W15TH02" height="59.0551181102362" strokewidth="7.8740157480315" charwidth="59.0551181102362" />
  <padstyle name="c180_h120" surface="False" plated="True" isvia="False" nopaste="True" nomask="True" complex="False" holesize="47.244094488188">
    <padshape layer="TOP" shape="round" width="70.866141732283" height="70.866141732283" />
    <padshape layer="TOP_SOLDER_MASK" shape="round" width="78.740157480314" height="78.740157480314" />
    <padshape layer="INNER" shape="round" width="70.866141732283" height="70.866141732283" />
    <padshape layer="BOTTOM" shape="round" width="70.866141732283" height="70.866141732283" />
    <padshape layer="BOTTOM_SOLDER_MASK" shape="round" width="78.740157480314" height="78.740157480314" />
  </padstyle>
  <padstyle name="s180_h120" surface="False" plated="True" isvia="False" nopaste="True" nomask="True" complex="False" holesize="47.244094488188">
    <padshape layer="TOP" shape="square" width="70.866141732283" height="70.866141732283" />
    <padshape layer="TOP_SOLDER_MASK" shape="square" width="78.740157480314" height="78.740157480314" />
    <padshape layer="INNER" shape="round" width="70.866141732283" height="70.866141732283" />
    <padshape layer="BOTTOM" shape="square" width="70.866141732283" height="70.866141732283" />
    <padshape layer="BOTTOM_SOLDER_MASK" shape="square" width="78.740157480314" height="78.740157480314" />
  </padstyle>
  <footprint name="SHDRRA4W70P0X254_1X4_1016X1170X580P" originx="0" originy="0" pickpointx="0" pickpointy="0">
    <pcbpin number="1" name="1" style="s180_h120" originx="0" originy="0" rotation="90" />
    <pcbpin number="2" name="2" style="c180_h120" originx="-99.999999999999" originy="0" rotation="90" />
    <pcbpin number="3" name="3" style="c180_h120" originx="-200" originy="0" rotation="90" />
    <pcbpin number="4" name="4" style="c180_h120" originx="-300" originy="0" rotation="90" />
    <line layer="TOP_PLACE_BOUND" originx="59.842519685039" originy="-55.11811023622" endx="-359.84251968503" endy="-55.11811023622" width="1.9685039370079" />
    <line layer="TOP_PLACE_BOUND" originx="-359.84251968503" originy="-55.11811023622" endx="-359.84251968503" endy="577.5590551181" width="1.9685039370079" />
    <line layer="TOP_PLACE_BOUND" originx="-359.84251968503" originy="577.5590551181" endx="59.842519685039" endy="577.5590551181" width="1.9685039370079" />
    <line layer="TOP_PLACE_BOUND" originx="59.842519685039" originy="577.5590551181" endx="59.842519685039" endy="-55.11811023622" width="1.9685039370079" />
    <line layer="TOP_ASSEMBLY" originx="49.999999999999" originy="107.08661417323" endx="-350" endy="107.08661417323" width="3.9370078740157" />
    <line layer="TOP_ASSEMBLY" originx="-350" originy="107.08661417323" endx="-350" endy="567.71653543306" width="3.9370078740157" />
    <line layer="TOP_ASSEMBLY" originx="-350" originy="567.71653543306" endx="49.999999999999" endy="567.71653543306" width="3.9370078740157" />
    <line layer="TOP_ASSEMBLY" originx="49.999999999999" originy="567.71653543306" endx="49.999999999999" endy="107.08661417323" width="3.9370078740157" />
    <line layer="TOP_SILKSCREEN" originx="49.999999999999" originy="0" endx="49.999999999999" endy="567.71653543306" width="7.8740157480314" />
    <line layer="TOP_SILKSCREEN" originx="49.999999999999" originy="567.71653543306" endx="-350" endy="567.71653543306" width="7.8740157480314" />
    <line layer="TOP_SILKSCREEN" originx="-350" originy="567.71653543306" endx="-350" endy="107.08661417323" width="7.8740157480314" />
  </footprint>
  <symbol name="22-05-7048" originx="0" originy="0">
    <line originx="200" originy="100" endx="600" endy="100" width="0" />
    <line originx="600" originy="-400" endx="600" endy="100" width="0" />
    <line originx="600" originy="-400" endx="200" endy="-400" width="0" />
    <line originx="200" originy="100" endx="200" endy="-400" width="0" />
    <sympin number="1" originx="200" originy="0" rotation="180" length="100" width="7.8740157480315" flipped="False">
      <text name="pinname" originx="230" originy="0" style="Default" rotation="0" justify="left" flipped="False" hidden="False" data="1" />
      <text name="pindes" originx="140" originy="20" style="Default" rotation="0" justify="lowerright" flipped="False" hidden="False" data="1" />
    </sympin>
    <sympin number="2" originx="200" originy="-100" rotation="180" length="100" width="7.8740157480315" flipped="False">
      <text name="pinname" originx="230" originy="-100" style="Default" rotation="0" justify="left" flipped="False" hidden="False" data="2" />
      <text name="pindes" originx="140" originy="-80" style="Default" rotation="0" justify="lowerright" flipped="False" hidden="False" data="2" />
    </sympin>
    <sympin number="3" originx="200" originy="-200" rotation="180" length="100" width="7.8740157480315" flipped="False">
      <text name="pinname" originx="230" originy="-200" style="Default" rotation="0" justify="left" flipped="False" hidden="False" data="3" />
      <text name="pindes" originx="140" originy="-180" style="Default" rotation="0" justify="lowerright" flipped="False" hidden="False" data="3" />
    </sympin>
    <sympin number="4" originx="200" originy="-300" rotation="180" length="100" width="7.8740157480315" flipped="False">
      <text name="pinname" originx="230" originy="-300" style="Default" rotation="0" justify="left" flipped="False" hidden="False" data="4" />
      <text name="pindes" originx="140" originy="-280" style="Default" rotation="0" justify="lowerright" flipped="False" hidden="False" data="4" />
    </sympin>
  </symbol>
  <component name="22-05-7048" designatorprefix="J" height="228.34645669291" footprint="SHDRRA4W70P0X254_1X4_1016X1170X580P">
    <comppin designator="1" sympin="1" pinswap="0" gateswap="0" gate="1" group="1" side="" type="Any" name="1" />
    <comppin designator="2" sympin="2" pinswap="0" gateswap="0" gate="1" group="1" side="" type="Any" name="2" />
    <comppin designator="3" sympin="3" pinswap="0" gateswap="0" gate="1" group="1" side="" type="Any" name="3" />
    <comppin designator="4" sympin="4" pinswap="0" gateswap="0" gate="1" group="1" side="" type="Any" name="4" />
    <attached_symbol gate="1" name="22-05-7048" />
    <pinmap designator="1" footprintpin="1" />
    <pinmap designator="2" footprintpin="2" />
    <pinmap designator="3" footprintpin="3" />
    <pinmap designator="4" footprintpin="4" />
    <text name="Datasheet" originx="0" originy="0" style="Default" rotation="0" justify="" flipped="False" hidden="True" data="https://www.molex.com/pdm_docs/sd/022057048_sd.pdf" />
    <text name="Description" originx="0" originy="0" style="Default" rotation="0" justify="" flipped="False" hidden="True" data="Headers &amp; Wire Housings 4C RA F/L HEADER" />
    <text name="Manufacturer_Name" originx="0" originy="0" style="Default" rotation="0" justify="" flipped="False" hidden="True" data="Molex" />
    <text name="Manufacturer_Part_Number" originx="650" originy="200" style="Default" rotation="0" justify="left" flipped="False" hidden="False" data="22-05-7048" />
    <text name="Mouser Part Number" originx="0" originy="0" style="Default" rotation="0" justify="" flipped="False" hidden="True" data="538-22-05-7048" />
    <text name="Mouser Price/Stock" originx="0" originy="0" style="Default" rotation="0" justify="" flipped="False" hidden="True" data="https://www.mouser.co.uk/ProductDetail/Molex/22-05-7048?qs=qjii0NTOo%252B5s41kJcR6UKA%3D%3D" />
    <text name="Arrow Part Number" originx="0" originy="0" style="Default" rotation="0" justify="" flipped="False" hidden="True" data="" />
    <text name="Arrow Price/Stock" originx="0" originy="0" style="Default" rotation="0" justify="" flipped="False" hidden="True" data="" />
  </component>
</quadcept_library>
