<?xml version="1.0" encoding="utf-8"?>
<!--/711272/1207053/2.50/5/2/Switch/-->
<quadcept_library>
  <setting unit="mil" />
  <textstyle name="Default" height="47.244094488189" strokewidth="7.8740157480315" charwidth="47.244094488189" />
  <textstyle name="Dimension" height="19.6850393700787" strokewidth="0" charwidth="19.6850393700787" />
  <textstyle name="H127W0635TH00762" height="50" strokewidth="3" charwidth="25" />
  <textstyle name="H15W15TH02" height="59.0551181102362" strokewidth="7.8740157480315" charwidth="59.0551181102362" />
  <padstyle name="c130_h80" surface="False" plated="True" isvia="False" nopaste="True" nomask="True" complex="False" holesize="31.496062992126">
    <padshape layer="TOP" shape="round" width="51.181102362204" height="51.181102362204" />
    <padshape layer="TOP_SOLDER_MASK" shape="round" width="59.055118110235" height="59.055118110235" />
    <padshape layer="INNER" shape="round" width="51.181102362204" height="51.181102362204" />
    <padshape layer="BOTTOM" shape="round" width="51.181102362204" height="51.181102362204" />
    <padshape layer="BOTTOM_SOLDER_MASK" shape="round" width="59.055118110235" height="59.055118110235" />
  </padstyle>
  <padstyle name="c225_h150" surface="False" plated="True" isvia="False" nopaste="True" nomask="True" complex="False" holesize="59.055118110235">
    <padshape layer="TOP" shape="round" width="88.582677165353" height="88.582677165353" />
    <padshape layer="TOP_SOLDER_MASK" shape="round" width="96.456692913385" height="96.456692913385" />
    <padshape layer="INNER" shape="round" width="88.582677165353" height="88.582677165353" />
    <padshape layer="BOTTOM" shape="round" width="88.582677165353" height="88.582677165353" />
    <padshape layer="BOTTOM_SOLDER_MASK" shape="round" width="96.456692913385" height="96.456692913385" />
  </padstyle>
  <footprint name="OS102011MA1QS1" originx="0" originy="0" pickpointx="0" pickpointy="0">
    <pcbpin number="1" name="1" style="c130_h80" originx="0" originy="0" rotation="90" />
    <pcbpin number="2" name="2" style="c130_h80" originx="78.740157480314" originy="0" rotation="90" />
    <pcbpin number="3" name="3" style="c130_h80" originx="157.48031496063" originy="0" rotation="90" />
    <pcbpin number="4" name="MH1" style="c225_h150" originx="-82.67716535433" originy="0" rotation="90" />
    <pcbpin number="5" name="MH2" style="c225_h150" originx="240.15748031496" originy="0" rotation="90" />
    <line layer="TOP_ASSEMBLY" originx="-90.551181102361" originy="86.614173228345" endx="248.03149606299" endy="86.614173228345" width="7.8740157480314" />
    <line layer="TOP_ASSEMBLY" originx="248.03149606299" originy="86.614173228345" endx="248.03149606299" endy="-86.614173228345" width="7.8740157480314" />
    <line layer="TOP_ASSEMBLY" originx="248.03149606299" originy="-86.614173228345" endx="-90.551181102361" endy="-86.614173228345" width="7.8740157480314" />
    <line layer="TOP_ASSEMBLY" originx="-90.551181102361" originy="-86.614173228345" endx="-90.551181102361" endy="86.614173228345" width="7.8740157480314" />
    <line layer="TOP_PLACE_BOUND" originx="-166.33858267716" originy="125.9842519685" endx="323.81889763779" endy="125.9842519685" width="3.9370078740157" />
    <line layer="TOP_PLACE_BOUND" originx="323.81889763779" originy="125.9842519685" endx="323.81889763779" endy="-283.46456692913" width="3.9370078740157" />
    <line layer="TOP_PLACE_BOUND" originx="323.81889763779" originy="-283.46456692913" endx="-166.33858267716" endy="-283.46456692913" width="3.9370078740157" />
    <line layer="TOP_PLACE_BOUND" originx="-166.33858267716" originy="-283.46456692913" endx="-166.33858267716" endy="125.9842519685" width="3.9370078740157" />
    <line layer="TOP_ASSEMBLY" originx="98.425196850392" originy="-86.614173228345" endx="98.425196850392" endy="-244.09448818897" width="7.8740157480314" />
    <line layer="TOP_ASSEMBLY" originx="98.425196850392" originy="-244.09448818897" endx="177.16535433071" endy="-244.09448818897" width="7.8740157480314" />
    <line layer="TOP_ASSEMBLY" originx="177.16535433071" originy="-244.09448818897" endx="177.16535433071" endy="-86.614173228345" width="7.8740157480314" />
    <line layer="TOP_SILKSCREEN" originx="-149.6062992126" originy="0" endx="-149.6062992126" endy="0" width="3.9370078740157" />
    <arc layer="TOP_SILKSCREEN" originx="-149.6062992126" originy="-1.9685039370079" startangle="90.0" sweepangle="180.0" radius="1.9685039370079" width="3.9370078740157" />
    <line layer="TOP_SILKSCREEN" originx="-149.6062992126" originy="-3.9370078740157" endx="-149.6062992126" endy="-3.9370078740157" width="3.9370078740157" />
    <arc layer="TOP_SILKSCREEN" originx="-149.6062992126" originy="-1.9685039370079" startangle="-90.0" sweepangle="180.0" radius="1.9685039370079" width="3.9370078740157" />
    <line layer="TOP_SILKSCREEN" originx="98.425196850392" originy="-86.614173228345" endx="98.425196850392" endy="-244.09448818897" width="3.9370078740157" />
    <line layer="TOP_SILKSCREEN" originx="98.425196850392" originy="-244.09448818897" endx="177.16535433071" endy="-244.09448818897" width="3.9370078740157" />
    <line layer="TOP_SILKSCREEN" originx="177.16535433071" originy="-244.09448818897" endx="177.16535433071" endy="-86.614173228345" width="3.9370078740157" />
    <line layer="TOP_SILKSCREEN" originx="-90.551181102361" originy="-62.992125984251" endx="-90.551181102361" endy="-86.614173228345" width="3.9370078740157" />
    <line layer="TOP_SILKSCREEN" originx="-90.551181102361" originy="-86.614173228345" endx="248.03149606299" endy="-86.614173228345" width="3.9370078740157" />
    <line layer="TOP_SILKSCREEN" originx="248.03149606299" originy="-86.614173228345" endx="248.03149606299" endy="-62.992125984251" width="3.9370078740157" />
    <line layer="TOP_SILKSCREEN" originx="-90.551181102361" originy="62.992125984251" endx="-90.551181102361" endy="86.614173228345" width="3.9370078740157" />
    <line layer="TOP_SILKSCREEN" originx="-90.551181102361" originy="86.614173228345" endx="248.03149606299" endy="86.614173228345" width="3.9370078740157" />
    <line layer="TOP_SILKSCREEN" originx="248.03149606299" originy="86.614173228345" endx="248.03149606299" endy="62.992125984251" width="3.9370078740157" />
  </footprint>
  <symbol name="OS102011MA1QS1" originx="0" originy="0">
    <line originx="200" originy="100" endx="700" endy="100" width="0" />
    <line originx="700" originy="-500" endx="700" endy="100" width="0" />
    <line originx="700" originy="-500" endx="200" endy="-500" width="0" />
    <line originx="200" originy="100" endx="200" endy="-500" width="0" />
    <sympin number="1" originx="200" originy="-100" rotation="180" length="100" width="7.8740157480315" flipped="False">
      <text name="pinname" originx="230" originy="-100" style="Default" rotation="0" justify="left" flipped="False" hidden="False" data="NO" />
      <text name="pindes" originx="140" originy="-80" style="Default" rotation="0" justify="lowerright" flipped="False" hidden="False" data="1" />
    </sympin>
    <sympin number="2" originx="200" originy="-200" rotation="180" length="100" width="7.8740157480315" flipped="False">
      <text name="pinname" originx="230" originy="-200" style="Default" rotation="0" justify="left" flipped="False" hidden="False" data="COM" />
      <text name="pindes" originx="140" originy="-180" style="Default" rotation="0" justify="lowerright" flipped="False" hidden="False" data="2" />
    </sympin>
    <sympin number="3" originx="200" originy="-300" rotation="180" length="100" width="7.8740157480315" flipped="False">
      <text name="pinname" originx="230" originy="-300" style="Default" rotation="0" justify="left" flipped="False" hidden="False" data="NC" />
      <text name="pindes" originx="140" originy="-280" style="Default" rotation="0" justify="lowerright" flipped="False" hidden="False" data="3" />
    </sympin>
    <sympin number="4" originx="200" originy="0" rotation="180" length="100" width="7.8740157480315" flipped="False">
      <text name="pinname" originx="230" originy="0" style="Default" rotation="0" justify="left" flipped="False" hidden="False" data="MH1" />
      <text name="pindes" originx="140" originy="20" style="Default" rotation="0" justify="lowerright" flipped="False" hidden="False" data="MH1" />
    </sympin>
    <sympin number="5" originx="200" originy="-400" rotation="180" length="100" width="7.8740157480315" flipped="False">
      <text name="pinname" originx="230" originy="-400" style="Default" rotation="0" justify="left" flipped="False" hidden="False" data="MH2" />
      <text name="pindes" originx="140" originy="-380" style="Default" rotation="0" justify="lowerright" flipped="False" hidden="False" data="MH2" />
    </sympin>
  </symbol>
  <component name="OS102011MA1QS1" designatorprefix="S" height="185.03937007874" footprint="OS102011MA1QS1">
    <comppin designator="1" sympin="1" pinswap="0" gateswap="0" gate="1" group="1" side="" type="Any" name="NO" />
    <comppin designator="2" sympin="2" pinswap="0" gateswap="0" gate="1" group="1" side="" type="Any" name="COM" />
    <comppin designator="3" sympin="3" pinswap="0" gateswap="0" gate="1" group="1" side="" type="Any" name="NC" />
    <comppin designator="MH1" sympin="4" pinswap="0" gateswap="0" gate="1" group="1" side="" type="Any" name="MH1" />
    <comppin designator="MH2" sympin="5" pinswap="0" gateswap="0" gate="1" group="1" side="" type="Any" name="MH2" />
    <attached_symbol gate="1" name="OS102011MA1QS1" />
    <pinmap designator="1" footprintpin="1" />
    <pinmap designator="2" footprintpin="2" />
    <pinmap designator="3" footprintpin="3" />
    <pinmap designator="MH1" footprintpin="4" />
    <pinmap designator="MH2" footprintpin="5" />
    <text name="Datasheet" originx="0" originy="0" style="Default" rotation="0" justify="" flipped="False" hidden="True" data="https://www.digikey.ph/en/products/detail/c-k/OS102011MA1QS1/1981431?msockid=39f1ec84d77b6f4428b7f904d6676eed" />
    <text name="Description" originx="0" originy="0" style="Default" rotation="0" justify="" flipped="False" hidden="True" data="SWITCH SLIDE SPDT 100MA 12V" />
    <text name="Manufacturer_Name" originx="0" originy="0" style="Default" rotation="0" justify="" flipped="False" hidden="True" data="C &amp; K COMPONENTS" />
    <text name="Manufacturer_Part_Number" originx="750" originy="200" style="Default" rotation="0" justify="left" flipped="False" hidden="False" data="OS102011MA1QS1" />
    <text name="Mouser Part Number" originx="0" originy="0" style="Default" rotation="0" justify="" flipped="False" hidden="True" data="N/A" />
    <text name="Mouser Price/Stock" originx="0" originy="0" style="Default" rotation="0" justify="" flipped="False" hidden="True" data="https://www.mouser.co.uk/ProductDetail/CK/OS102011MA1QS1?qs=WtljUlYws5QESxS45g%252B0yg%3D%3D" />
    <text name="Arrow Part Number" originx="0" originy="0" style="Default" rotation="0" justify="" flipped="False" hidden="True" data="OS102011MA1QS1" />
    <text name="Arrow Price/Stock" originx="0" originy="0" style="Default" rotation="0" justify="" flipped="False" hidden="True" data="https://www.arrow.com/en/products/os102011ma1qs1/ck?region=nac" />
  </component>
</quadcept_library>
